group,n,auc_logreg_oof,dist_corr_multi,hsic_rbf_multi,hsic_rbf_multi_p
ALL,7619,0.653818321382263,0.2335162765729267,0.0012171861306253047,0.004975124378109453
